Sample,ST,Genetic_architecture,Orientation,IS_elements,Intergenic_distances_overlaps,,,,,,,,,,,,
1011-04,ST13,mcr-9.1 – wbuC – qseC – qseB – IS481,mcr-9.1(+); wbuC(+); qseC(-); qseB(-); IS481(-),IS481,mcr-9.1–wbuC: 75 bp; wbuC–qseC: 211 bp; qseC–qseB: overlap 26 bp; qseB–IS481: 192 bp,,,,,,,,,,,,
2001-10-06,ST1,IS481 – qseB – qseC – wbuC – mcr-9.1 – IS903B,IS481(+); qseB(+); qseC(+); wbuC(-); mcr-9.1(-); IS903B(-),IS481; IS903B,IS481–qseB: 192 bp; qseB–qseC: overlap 26 bp; qseC–wbuC: 211 bp; wbuC–mcr-9.1: 75 bp; mcr-9.1–IS903B: 187 bp,,,,,,,,,,,,
25MDFML003369-3A,ST1,IS903B – mcr-9.1 – wbuC – qseC – qseB – IS481 – IS26,IS903B(+); mcr-9.1(+); wbuC(+); qseC(-); qseB(-); IS481(-); IS26(-),IS903B; IS481; IS26,IS903B–mcr-9.1: 187 bp; mcr-9.1–wbuC: 75 bp; wbuC–qseC: 211 bp; qseC–qseB: overlap 26 bp; qseB–IS481: 192 bp; IS481–IS26: 948 bp,,,,,,,,,,,,
25MDFML003369-4A,ST1,IS903B – mcr-9.1 – wbuC – qseC – qseB – IS481 – IS26,IS903B(+); mcr-9.1(+); wbuC(+); qseC(-); qseB(-); IS481(-); IS26(-),IS903B; IS481; IS26,IS903B–mcr-9.1: 187 bp; mcr-9.1–wbuC: 75 bp; wbuC–qseC: 211 bp; qseC–qseB: overlap 26 bp; qseB–IS481: 192 bp; IS481–IS26: 948 bp,,,,,,,,,,,,
25MDFML003374-2A,ST1,IS26 – IS481 – qseB – qseC – wbuC – mcr-9.1 – IS903B,IS26(+); IS481(+); qseB(+); qseC(+); wbuC(-); mcr-9.1(-); IS903B(-),IS26; IS481; IS903B,IS26–IS481: 948 bp; IS481–qseB: 192 bp; qseB–qseC: overlap 26 bp; qseC–wbuC: 211 bp; wbuC–mcr-9.1: 75 bp; mcr-9.1–IS903B: 187 bp,,,,,,,,,,,,
25MDFML004503-1A,ST1,IS903B – mcr-9.1 – wbuC – qseC – qseB – IS481 – IS26,IS903B(+); mcr-9.1(+); wbuC(+); qseC(-); qseB(-); IS481(-); IS26(-),IS903B; IS481; IS26,IS903B–mcr-9.1: 187 bp; mcr-9.1–wbuC: 75 bp; wbuC–qseC: 211 bp; qseC–qseB: overlap 26 bp; qseB–IS481: 192 bp; IS481–IS26: 948 bp,,,,,,,,,,,,
716,ST14,IS903B – mcr-9.1 – wbuC – qseC – qseB – IS481,IS903B(+); mcr-9.1(+); wbuC(+); qseC(-); qseB(-); IS481(-),IS903B; IS481,IS903B–mcr-9.1: 187 bp; mcr-9.1–wbuC: 75 bp; wbuC–qseC: 211 bp; qseC–qseB: overlap 26 bp; qseB–IS481: 192 bp,,,,,,,,,,,,
CE52,ST21,mcr-9.1 – wbuC – qseC – qseB – IS481,mcr-9.1(+); wbuC(+); qseC(-); qseB(-); IS481(-),IS481,mcr-9.1–wbuC: 75 bp; wbuC–qseC: 211 bp; qseC–qseB: overlap 26 bp; qseB–IS481: 192 bp,,,,,,,,,,,,
CFSAN080747,ST4,IS903B – mcr-9.1 – wbuC – qseC – qseB – IS481,IS903B(+); mcr-9.1(+); wbuC(+); qseC(-); qseB(-); IS481(-),IS903B; IS481,IS903B–mcr-9.1: 187 bp; mcr-9.1–wbuC: 75 bp; wbuC–qseC: 211 bp; qseC–qseB: overlap 26 bp; qseB–IS481: 192 bp,,,,,,,,,,,,
CFSAN080751,ST13,mcr-9.1 – wbuC – qseC – qseB – IS481,mcr-9.1(+); wbuC(+); qseC(-); qseB(-); IS481(-),IS481,mcr-9.1–wbuC: 75 bp; wbuC–qseC: 211 bp; qseC–qseB: overlap 26 bp; qseB–IS481: 192 bp,,,,,,,,,,,,
CFSAN129441,ST1,IS903B – mcr-9.1 – wbuC – qseC – qseB – IS481 – IS26,IS903B(+); mcr-9.1(+); wbuC(+); qseC(-); qseB(-); IS481(-); IS26(-),IS903B; IS481; IS26,IS903B–mcr-9.1: 187 bp; mcr-9.1–wbuC: 75 bp; wbuC–qseC: 211 bp; qseC–qseB: overlap 26 bp; qseB–IS481: 192 bp; IS481–IS26: 948 bp,,,,,,,,,,,,
CFSAN135223,ST1,IS26 – wbuC – mcr-9.1 – IS903B,IS26(-); wbuC(-); mcr-9.1(-); IS903B(-),IS26; IS903B,IS26–wbuC: 164 bp; wbuC–mcr-9.1: 75 bp; mcr-9.1–IS903B: 187 bp,,,,,,,,,,,,
CFSAN138565,ST1,IS26 – IS481 – qseB – qseC – wbuC – mcr-9.1 – IS903B,IS26(+); IS481(+); qseB(+); qseC(+); wbuC(-); mcr-9.1(-); IS903B(-),IS26; IS481; IS903B,IS26–IS481: 948 bp; IS481–qseB: 192 bp; qseB–qseC: overlap 26 bp; qseC–wbuC: 211 bp; wbuC–mcr-9.1: 75 bp; mcr-9.1–IS903B: 187 bp,,,,,,,,,,,,
CFSAN140976,ST1,IS26 – wbuC – mcr-9.1 – IS903B,IS26(-); wbuC(-); mcr-9.1(-); IS903B(-),IS26; IS903B,IS26–wbuC: 164 bp; wbuC–mcr-9.1: 75 bp; mcr-9.1–IS903B: 187 bp,,,,,,,,,,,,
CFSAN141446,ST1,IS26 – IS481 – qseB – qseC – wbuC – mcr-9.1 – IS903B,IS26(+); IS481(+); qseB(+); qseC(+); wbuC(-); mcr-9.1(-); IS903B(-),IS26; IS481; IS903B,IS26–IS481: 948 bp; IS481–qseB: 192 bp; qseB–qseC: overlap 26 bp; qseC–wbuC: 211 bp; wbuC–mcr-9.1: 75 bp; mcr-9.1–IS903B: 187 bp,,,,,,,,,,,,
CFSAN141625,ST1,IS903B – mcr-9.1 – wbuC – qseC – qseB – IS481 – IS26,IS903B(+); mcr-9.1(+); wbuC(+); qseC(-); qseB(-); IS481(-); IS26(-),IS903B; IS481; IS26,IS903B–mcr-9.1: 187 bp; mcr-9.1–wbuC: 75 bp; wbuC–qseC: 211 bp; qseC–qseB: overlap 26 bp; qseB–IS481: 192 bp; IS481–IS26: 948 bp,,,,,,,,,,,,
CFSAN142785,ST21,mcr-9.1 – wbuC – qseC – qseB – IS481,mcr-9.1(+); wbuC(+); qseC(-); qseB(-); IS481(-),IS481,mcr-9.1–wbuC: 75 bp; wbuC–qseC: 211 bp; qseC–qseB: overlap 26 bp; qseB–IS481: 192 bp,,,,,,,,,,,,
CFSAN145334,ST148,wbuC – mcr-9.1 – IS903B,wbuC(-); mcr-9.1(-); IS903B(-),IS903B,wbuC–mcr-9.1: 75 bp; mcr-9.1–IS903B: 187 bp,,,,,,,,,,,,
CH43,ST1,IS903B – mcr-9.1 – wbuC – qseC – qseB – IS481 – IS26,IS903B(+); mcr-9.1(+); wbuC(+); qseC(-); qseB(-); IS481(-); IS26(-),IS903B; IS481; IS26,IS903B–mcr-9.1: 187 bp; mcr-9.1–wbuC: 75 bp; wbuC–qseC: 211 bp; qseC–qseB: overlap 26 bp; qseB–IS481: 192 bp; IS481–IS26: 948 bp,,,,,,,,,,,,
CH44,ST1,IS26 – IS481 – qseB – qseC – wbuC – mcr-9.1 – IS903B,IS26(+); IS481(+); qseB(+); qseC(+); wbuC(-); mcr-9.1(-); IS903B(-),IS26; IS481; IS903B,IS26–IS481: 948 bp; IS481–qseB: 192 bp; qseB–qseC: overlap 26 bp; qseC–wbuC: 211 bp; wbuC–mcr-9.1: 75 bp; mcr-9.1–IS903B: 187 bp,,,,,,,,,,,,
CH45,ST1,IS903B – mcr-9.1 – wbuC – qseC – qseB – IS481 – IS26,IS903B(+); mcr-9.1(+); wbuC(+); qseC(-); qseB(-); IS481(-); IS26(-),IS903B; IS481; IS26,IS903B–mcr-9.1: 187 bp; mcr-9.1–wbuC: 75 bp; wbuC–qseC: 211 bp; qseC–qseB: overlap 26 bp; qseB–IS481: 192 bp; IS481–IS26: 948 bp,,,,,,,,,,,,
CH65,ST1,IS903B – mcr-9.1 – wbuC – qseC – qseB – IS481 – IS26,IS903B(+); mcr-9.1(+); wbuC(+); qseC(-); qseB(-); IS481(-); IS26(-),IS903B; IS481; IS26,IS903B–mcr-9.1: 187 bp; mcr-9.1–wbuC: 75 bp; wbuC–qseC: 211 bp; qseC–qseB: overlap 26 bp; qseB–IS481: 192 bp; IS481–IS26: 948 bp,,,,,,,,,,,,
CH84,ST1,IS26 – IS481 – qseB – qseC – wbuC – mcr-9.1 – IS903B,IS26(+); IS481(+); qseB(+); qseC(+); wbuC(-); mcr-9.1(-); IS903B(-),IS26; IS481; IS903B,IS26–IS481: 948 bp; IS481–qseB: 192 bp; qseB–qseC: overlap 26 bp; qseC–wbuC: 211 bp; wbuC–mcr-9.1: 75 bp; mcr-9.1–IS903B: 187 bp,,,,,,,,,,,,
CRZK,ST256,mcr-9.1 – wbuC,mcr-9.1(+); wbuC(+),None,mcr-9.1–wbuC: 75 bp,,,,,,,,,,,,
CS-42,ST21,IS903B – mcr-9.1 – wbuC – qseC – qseB – IS481,IS903B(+); mcr-9.1(+); wbuC(+); qseC(-); qseB(-); IS481(-),IS903B; IS481,IS903B–mcr-9.1: 187 bp; mcr-9.1–wbuC: 75 bp; wbuC–qseC: 211 bp; qseC–qseB: overlap 26 bp; qseB–IS481: 192 bp,,,,,,,,,,,,
CS291,ST4,IS481 – qseB – qseC – wbuC – mcr-9.1,IS481(+); qseB(+); qseC(+); wbuC(-); mcr-9.1(-),IS481,IS481–qseB: 192 bp; qseB–qseC: overlap 26 bp; qseC–wbuC: 211 bp; wbuC–mcr-9.1: 75 bp,,,,,,,,,,,,
CS6162,ST4, IS481 – qseB – qseC – wbuC – mcr-9.1,IS481(+); qseB(+); qseC(+); wbuC(-); mcr-9.1(-), IS481,IS481: 948 bp; IS481–qseB: 192 bp; qseB–qseC: overlap 26 bp; qseC–wbuC: 211 bp; wbuC–mcr-9.1: 75 bp,,,,,,,,,,,,
HA18074,ST1,IS903B – mcr-9.1 – wbuC – qseC – qseB – IS481 – IS26,IS903B(+); mcr-9.1(+); wbuC(+); qseC(-); qseB(-); IS481(-); IS26(-),IS903B; IS481; IS26,IS903B–mcr-9.1: 187 bp; mcr-9.1–wbuC: 75 bp; wbuC–qseC: 211 bp; qseC–qseB: overlap 26 bp; qseB–IS481: 192 bp; IS481–IS26: 948 bp,,,,,,,,,,,,
KubGAU B-268,ST1,IS481 – qseB – qseC – wbuC – mcr-9.1 – IS903B,IS481(+); qseB(+); qseC(+); wbuC(-); mcr-9.1(-); IS903B(-),IS481; IS903B,IS481–qseB: 192 bp; qseB–qseC: overlap 26 bp; qseC–wbuC: 211 bp; wbuC–mcr-9.1: 75 bp; mcr-9.1–IS903B: 187 bp,,,,,,,,,,,,
MOD1_LR736,ST1,IS903B – mcr-9.1 – wbuC – qseC – qseB – IS481,IS903B(+); mcr-9.1(+); wbuC(+); qseC(-); qseB(-); IS481(-),IS903B; IS481,IS903B–mcr-9.1: 187 bp; mcr-9.1–wbuC: 75 bp; wbuC–qseC: 211 bp; qseC–qseB: overlap 26 bp; qseB–IS481: 192 bp,,,,,,,,,,,,
MOD1_WNTSBCO4,ST1,IS903B – mcr-9.1 – wbuC,IS903B(+); mcr-9.1(+); wbuC(+),IS903B,IS903B–mcr-9.1: 187 bp; mcr-9.1–wbuC: 75 bp,,,,,,,,,,,,
S053-001,ST1,WbuC – mcr-9.1 – IS903B,wbuC(-); mcr-9.1(-); IS903B(-),IS903B,wbuC–mcr-9.1: 75 bp; mcr-9.1–IS903B: 187 bp,,,,,,,,,,,,
S054-001,ST1,IS26 – wbuC – mcr-9.1 – IS903B,IS26(-); wbuC(-); mcr-9.1(-); IS903B(-),IS26; IS903B,IS26–wbuC: 164 bp; wbuC–mcr-9.1: 75 bp; mcr-9.1–IS903B: 187 bp,,,,,,,,,,,,
S071-004,ST148,wbuC – mcr-9.1 – IS903B,wbuC(-); mcr-9.1(-); IS903B(-),IS903B,wbuC–mcr-9.1: 75 bp; mcr-9.1–IS903B: 187 bp,,,,,,,,,,,,
SC16,ST4,IS481 – qseB – qseC – wbuC – mcr-9.1,IS481(+); qseB(+); qseC(+); wbuC(-); mcr-9.1(-),IS481,IS481–qseB: 192 bp; qseB–qseC: overlap 26 bp; qseC–wbuC: 211 bp; wbuC–mcr-9.1: 75 bp,,,,,,,,,,,,
bq,ST13,mcr-9.1 – wbuC – IS26,mcr-9.1(+); wbuC(+); IS26(+),IS26,mcr-9.1–WbuC: 75 bp; wbuC–IS26: 993 bp,,,,,,,,,,,,
cro1489B1,ST8,wbuC – mcr-9.1,wbuC(-); mcr-9.1(-),None,wbuC–mcr-9.1: 75 bp,,,,,,,,,,,,
cro810A3,ST1,IS481 – qseB – qseC – wbuC – mcr-9.1,IS481(+); qseB(+); qseC(+); wbuC(-); mcr-9.1(-),IS481,IS481–qseB: 193 bp; qseB–qseC: overlap 25 bp; qseC–wbuC: 212 bp; wbuC–mcr-9.1: 76 bp,,,,,,,,,,,,
